{
  "project_info": {
    "project_number": "788267664145",
    "project_id": "erythrolinkapp",
    "storage_bucket": "erythrolinkapp.firebasestorage.app"
  },
  "client": [
    {
      "client_info": {
        "mobilesdk_app_id": "1:788267664145:android:babff2fe5a8c7db2edc2b0",
        "android_client_info": {
          "package_name": "com.example.erythrolinkapp"
        }
      },
      "oauth_client": [],
      "api_key": [
        {
          "current_key": "AIzaSyAOUsirGdIA0k5LLWsk4GvuuOxyDLa8HRA"
        }
      ],
      "services": {
        "appinvite_service": {
          "other_platform_oauth_client": []
        }
      }
    }
  ],
  "configuration_version": "1"
}